Table_name,Level,Indicators,Number_of_rows,No_of_unique_geography_code,Mean,Min,1st_Qu,Median,3rd_Qu,Max,No_of 0,No_of_NA
town_geos_raw,city,area_sqkm,105,105,161.94180021733334,15.78111511,71.61715916,120.8032599,190.1238776,1474.832283,0,0
town_geos_raw,city,population,105,105,2511111.0761904763,445304.0,777000.0,1317000.0,2168000.0,32066000.0,0,0
town_geos_raw,city,population_density,105,105,9327.504410445445,1494.90217221248,5538.340108032766,7368.166026751725,11936.84729120567,30193.006141381164,0,0
town_geos_raw,city,youth_population,105,105,490425.6,83154.0,152606.0,279085.0,428089.0,6555937.0,0,0
town_geos_raw,city,male_population,105,105,1314324.3333333333,228323.0,397945.0,696761.0,1125896.0,17172966.0,0,0
town_geos_raw,city,female_population,105,105,1196787.1904761905,216981.0,372813.0,626140.0,1035110.0,14893034.0,0,0
town_geos_raw,city,elderly_population,105,105,209416.14285714287,36594.0,69104.0,109014.0,180722.0,2192678.0,0,0
town_geos_raw,city,kids_population,105,105,219241.33333333334,26954.0,69373.0,116880.0,192902.0,2644794.0,0,0
town_geos_raw,city,female_population_15_to_49years,105,105,683200.6,126352.0,206457.0,344964.0,565561.0,8723116.0,0,0
town_geos_raw,city,population_growth,105,105,2.2249523809523812,0.52,1.47,1.98,2.81,7.39,0,0
town_geos_raw,city,consumer_digital_expenditure,105,105,35249917.06666667,97031.0,3294808.0,8425176.0,21906633.0,442735823.0,0,0
town_geos_raw,city,digital_adoption_rate,105,105,11.727523809523813,10.82,11.36,11.59,11.97,13.55,0,0
town_geos_raw,city,digital_penetration,105,105,70.03513827935238,0.742996346,27.47003519,44.60057225,64.54440252,585.655,0,0
town_geos_raw,city,total_digital_consumers,105,105,1436530.0285714285,12200.0,301085.0,630574.0,1328540.0,15855387.0,0,0
town_geos_raw,city,connectivity_index,105,105,58.22297808019047,14.20634921,44.12698413,57.53968254,73.01587302,100.0,0,0
town_geos_raw,city,builtup_grwth,105,105,1.4679047619047618,-0.05,0.6,1.25,2.09,8.17,0,0
town_geos_raw,city,road_density,105,105,16.649346910580952,3.6002359,12.57660351,16.26630136,20.50040769,29.20091723,0,0
town_geos_raw,city,green_space_density,105,105,0.053458761904761905,4e-05,0.01251,0.02641,0.04683,0.51167,0,0
town_geos_raw,city,building_density,105,105,188.55238095238096,0.12,4.79,18.42,161.2,1612.03,0,0
town_geos_raw,city,public_infrastructure_index,105,105,4.710481893409524,0.16220272,0.9886642,1.991672858,4.287153986,100.0,0,0
town_geos_raw,city,building_count,105,105,32981.34285714286,17.0,375.0,2976.0,26746.0,549251.0,0,0
town_geos_raw,city,greenspace_sqkm,105,105,8.02114285714286,0.008,1.403,2.697,5.98,117.708,0,0
town_geos_raw,city,total_public_infra,105,105,128.06952380952382,4.41,26.88,54.15,116.56,2718.82,0,0
town_geos_raw,city,total_connectivity,105,105,7.336095238095238,1.79,5.56,7.25,9.2,12.6,0,0
town_geos_raw,city,built_area_2017,105,105,99081652.38095239,14853800.0,44509200.0,70032400.0,120000000.0,808646900.0,0,0
town_geos_raw,city,built_area_2021,105,105,104710256.1904762,15022800.0,46985500.0,74667700.0,126938000.0,849623200.0,0,0
town_geos_raw,city,total_road_length_meters,105,105,2679112.698654286,213774.2113,1075116.144,1747931.525,2974077.998,26954674.69,0,0
town_geos_raw,city,total_road_length_km,105,105,2679.1126986542854,213.7742113,1075.116144,1747.931525,2974.077998,26954.67469,0,0
town_geos_raw,city,majhwys,105,105,95587.30662069525,0.0,36947.41191,68835.09276,115287.8982,745830.1907,2,0
town_geos_raw,city,sechwys,105,105,298589.8279649524,17171.75014,106503.5541,177572.6791,336443.2725,3267166.502,0,0
town_geos_raw,city,nightlight_sum_2012,105,105,12312.578476190478,64.89,3089.48,6480.52,10688.03,205702.37,0,0
town_geos_raw,city,nightlight_sum_2021,105,105,16219.468095238095,309.69,4888.16,9176.03,15377.21,209265.89,0,0
town_geos_raw,city,economic_activity_score,105,105,37.45725333458095,2.224894581,24.25277139,34.27977638,49.25947349,100.0,0,0
town_geos_raw,city,wp2020,105,105,1533410.8998428572,130870.981,525314.4513,835366.9208,1360316.009,19370494.72,0,0
town_geos_raw,city,maro_pop_2011,105,105,1925678.5047619047,402844.0,637272.0,1069000.0,1706000.0,22714000.0,0,0
town_geos_raw,city,maro_pop_2022,105,105,2511111.0761904763,445304.0,777000.0,1317000.0,2168000.0,32066000.0,0,0
town_geos_raw,city,fb_pop_2021,105,105,1514228.419047619,97352.0,518043.0,763188.0,1330260.0,20361302.0,0,0
town_geos_raw,city,total_expenditure,105,105,49867041.02857143,1862372.0,30864178.0,49877978.0,69913210.0,98969155.0,0,0
town_geos_raw,city,average_rental_price,105,105,6.732274433022222,0.107113234,1.009072833,1.765143069,3.861051187,85.63366115,0,60
town_geos_raw,city,average_annual_growth,105,105,76.28587793559048,-12.14596559,2.165193173,4.909954457,24.95332333,3070.598182,0,0
town_geos_raw,city,last_quarter_growth,105,105,-7.580126681904763,-96.9287735,-11.8017358,-6.7401343,0.5457488,20.23067,0,0
town_geos_raw,city,sm_builtup_2021_sqkm,105,105,67.33888571428572,11.522,26.383,42.713,92.218,650.799,0,0
town_geos_raw,city,sm_builtup_density,105,105,0.47203314285714276,0.13787,0.35387,0.45481,0.56807,0.88174,0,0
town_geos_raw,city,total_rent,105,105,90058708.24444444,5000.0,15000.0,33000.0,613000.0,2111663472.0,0,60
town_geos_raw,city,total_area_sqft,105,105,219715421.88073578,150.0,6996.6,16316.8,111983.988,3974626764.0,0,60
town_geos_raw,city,nl_20210601,105,105,15.753086912019045,0.544269664,10.50948906,14.36547941,20.1466058,45.90805671,0,0
town_geos_raw,city,nl_20210701,105,105,14.448162721885716,0.0,8.344714469,13.71563144,20.05844102,42.82113169,2,0
town_geos_raw,city,nl_20210801,105,105,12.743705350952379,0.0,6.385349655,12.73615599,17.95594688,51.28794772,3,0
town_geos_raw,city,nl_20210901,105,105,13.394247530066668,0.0,7.72008063,12.03190698,18.68403924,43.34887865,1,0
town_geos_raw,city,nl_20211001,105,105,17.504040611438096,0.0,11.4346774,17.53712325,22.93514892,47.12187783,1,0
town_geos_raw,city,nl_20211101,105,105,21.422712849923812,0.0,12.33793969,20.99638505,28.45806262,56.94152267,1,0
town_geos_raw,city,nl_20211201,105,105,18.9303360634,1.247105266,12.28966815,18.28956244,23.94113831,46.57945411,0,0
town_geos_raw,city,nl_20220101,105,105,19.13339883018095,1.235328945,13.42056178,17.30957339,23.84557793,49.03336148,0,0
town_geos_raw,city,nl_20220201,105,105,21.16312413029524,1.377138157,14.80500002,20.30556523,26.45738452,56.7676637,0,0
town_geos_raw,city,nl_20220301,105,105,20.745467881190475,1.535789478,13.04168178,19.65186843,26.59100505,48.71174669,0,0
town_geos_raw,city,nl_20220401,105,105,19.326534224666666,1.759605263,11.78840297,17.48385579,25.52877774,49.72112447,0,0
town_geos_raw,city,nl_20220501,105,105,19.147809694638095,1.944671044,13.29412924,18.05575911,23.57472592,48.0979938,0,0
town_geos_raw,city,nl_20220601,105,105,17.806672306342858,0.300398231,10.98870967,17.32925517,23.31867381,43.96375543,0,0
town_geos_raw,city,nl_2012,105,105,12.446092076085712,0.213460089,7.201158162,11.59779347,16.48610405,38.05379059,0,0
town_geos_raw,city,nl_2013,105,105,14.197395454590477,0.368843819,8.517561301,13.28200169,17.85943241,45.83943671,0,0
town_geos_raw,city,nl_2014,105,105,16.46198205981905,0.440783087,10.79599738,15.27855696,20.46542649,55.27408845,0,0
town_geos_raw,city,nl_2015,105,105,16.971537398609524,0.608163821,11.10344689,15.87719683,21.10697119,50.27762116,0,0
town_geos_raw,city,nl_2016,105,105,17.3062227794,0.495068223,11.07172369,16.5428296,21.45037332,56.67201937,0,0
town_geos_raw,city,nl_2017,105,105,17.626412808619047,0.735930399,10.87683884,17.06435968,21.57206354,53.47236769,0,0
town_geos_raw,city,nl_2018,105,105,16.996498017838096,0.610216557,10.74036743,16.11772046,20.88220471,48.18690688,0,0
town_geos_raw,city,nl_2019,105,105,17.490326241790477,0.879347586,11.04393181,16.31156639,21.86507343,43.72473074,0,0
town_geos_raw,city,nl_2020,105,105,16.437390102009523,0.987875547,10.17384304,15.20629298,20.50307649,41.7007487,0,0
town_geos_raw,city,nl_2021,105,105,17.150861168495236,1.018730811,11.10481624,15.69596362,22.55484094,45.78782383,0,0
h08_geos_raw,hex,area,11850,11850,715321.4070201688,660446.462,688114.5055,727782.5975,744879.58525,759522.232,0,0
h08_geos_raw,hex,area_sqkm,11850,11850,0.7153214070201688,0.660446462,0.6881145055,0.7277825975000001,0.74487958525,0.759522232,0,0
h08_geos_raw,hex,population,11850,11850,3683.2781434599156,0.0,279.0,918.5,3406.25,99338.0,380,0
h08_geos_raw,hex,population_density,11850,11850,5154.184588185654,0.0,390.9225,1277.995,4706.530000000001,149854.54,380,0
h08_geos_raw,hex,youth_population,11850,11850,755.4420253164557,0.0,63.0,223.0,714.0,21551.0,380,0
h08_geos_raw,hex,male_population,11850,11850,1929.515864978903,0.0,142.0,470.0,1807.5,56634.0,380,0
h08_geos_raw,hex,female_population,11850,11850,1758.3923206751056,0.0,131.25,440.0,1644.75,42704.0,380,0
h08_geos_raw,hex,elderly_population,11850,11850,329.64683544303796,0.0,38.0,130.0,355.75,5631.0,380,0
h08_geos_raw,hex,kids_population,11850,11850,329.64683544303796,0.0,38.0,130.0,355.75,5631.0,380,0
h08_geos_raw,hex,female_population_15_to_49years,11850,11850,1016.1113924050633,0.0,76.0,262.0,899.25,25531.0,380,0
h08_geos_raw,hex,consumer_digital_expenditure,11850,11850,91309.84379746835,0.0,703.25,6293.5,40080.0,7027172.0,374,0
h08_geos_raw,hex,digital_adoption_rate,11850,11850,46.339569248274266,0.0,22.13632653,46.46938776,72.9745238125,93.7,374,0
h08_geos_raw,hex,digital_penetration,11850,11850,inf,0.0,11.0,36.515,131.365,inf,411,0
h08_geos_raw,hex,total_digital_consumers,11850,11850,2429.7583966244724,0.0,75.0,476.0,2176.0,249308.0,411,0
h08_geos_raw,hex,building_dens,11850,11850,172.40074599156117,0.0,0.0,0.0,23.3375,8595.1,6899,0
h08_geos_raw,hex,green_space_density,11850,11850,0.10517602616033754,0.0,0.0044,0.03689,0.1421725,0.99878,1234,0
h08_geos_raw,hex,public_infra_index,11850,11850,4.458855868040843,0.0,0.0,0.8091208475,4.67284538925,100.0,4690,0
h08_geos_raw,hex,road_length,11850,11850,8963.69138819222,0.0,3169.28729875,6905.365508,13422.813582499999,43275.05569,242,0
h08_geos_raw,hex,average_monthly_rental_price,11850,11850,13.825569423766757,0.000321728,1.780891913,4.054390257,11.27036493,4377.972559,0,8180
h08_geos_raw,hex,rental_value_relative_city,11850,11850,0.8431396290932784,0.000130709,0.11928295825,0.2636619025,0.9387779615,57.6664454,0,10392
h08_geos_raw,hex,rental_value_relative_locality,11850,11850,,,,,,,0,11850
h08_geos_raw,hex,majhwy_length,11850,11850,1280.2280736322555,0.0,0.0,0.0,0.0,59027.30913,9368,0
h08_geos_raw,hex,sechwy_length,11850,11850,2224.55008276608,0.0,0.0,212.05481675,2310.0559885,50064.71807,5634,0
h08_geos_raw,hex,building_cnt,11850,11850,124.63223628691983,0.0,0.0,0.0,17.0,5910.0,6899,0
h08_geos_raw,hex,green_space,11850,11850,533462.0506329114,89500.0,514100.0,534600.0,561500.0,1197000.0,0,0
h08_geos_raw,hex,greenspace_sqm,11850,11850,64362.5480178059,0.0,2743.606,22997.872,87452.43549999999,662580.807,1234,0
h08_geos_raw,hex,total_4poi,11850,11850,0.6026160337552743,0.0,0.0,0.0,0.0,36.0,9660,0
h08_geos_raw,hex,poi_0.4,11850,11850,0.2410464135021097,0.0,0.0,0.0,0.0,14.4,9660,0
h08_geos_raw,hex,maj_0.3,11850,11850,384.06842209486393,0.0,0.0,0.0,0.0,17708.19274,9368,0
h08_geos_raw,hex,sec_0.3,11850,11850,6673.650248385388,0.0,0.0,636.1644502500001,6930.167965500001,150194.1542,5634,0
h08_geos_raw,hex,total_infra,11850,11850,7057.959716899522,0.0,0.0,1280.7640605000001,7396.6854945000005,158290.8245,4690,0
h08_geos_raw,hex,sm_builtup_2021_sqm,11850,11850,197461.4038913924,0.0,71273.2305,147146.03600000002,293222.8725,672344.816,19,0
h08_geos_raw,hex,sm_builtup_density,11850,11850,0.3190550151898734,0.0,0.11377999999999999,0.240345,0.47725,0.99951,19,0
h08_geos_raw,hex,total_rent,11850,11850,1122481.8411444142,1200.0,37000.0,151000.0,665931.75,320656650.0,0,8180
h08_geos_raw,hex,total_area_sqft,11850,11850,2245544.0291022463,80.0,11838.2,42575.354,133963.946,1212657689.0,0,8180
dist_geos_raw,district,area_sqkm,633,633,5120.45435366159,-1.3e-07,2318.129196,3858.214588,6259.78523,80370.0382,0,0
dist_geos_raw,district,population,633,633,1644523.9478672985,0.0,763969.0,1375006.0,2256599.0,7501043.0,6,0
dist_geos_raw,district,population_density,633,633,467.4269284458057,0.0,196.7790998,336.2547389,631.6819618,3241.154197,6,0
dist_geos_raw,district,youth_population,633,633,315646.1169036335,0.0,144568.0,266326.0,437663.0,1512445.0,6,0
dist_geos_raw,district,male_population,633,633,845180.3633491311,0.0,384522.0,708809.0,1158474.0,3841922.0,6,0
dist_geos_raw,district,female_population,633,633,799343.7314375987,0.0,368890.0,677892.0,1086648.0,3659125.0,6,0
dist_geos_raw,district,elderly_population,633,633,139896.2559241706,0.0,62690.0,121509.0,196943.0,610748.0,6,0
dist_geos_raw,district,kids_population,633,633,159616.51184834124,0.0,70963.0,127840.0,212277.0,810179.0,6,0
dist_geos_raw,district,female_population_15_to_49years,633,633,418894.4439178515,0.0,193964.0,358258.0,575574.0,2060449.0,6,0
dist_geos_raw,district,population_growth,633,633,0.9048219159162716,-5.611950672,0.457995889,0.895757074,1.381726815,7.325153954,6,0
dist_geos_raw,district,consumer_digital_expenditure,633,633,4633492.236966825,0.0,591816.0,1822886.0,4278082.0,164866084.0,9,0
dist_geos_raw,district,digital_adoption_rate,633,633,86.7308214849921,0.0,85.72,87.78,89.99,97.83,9,0
dist_geos_raw,district,digital_penetration_rate,633,633,18.433317535545022,0.0,10.26,15.82,22.98,112.06,9,0
dist_geos_raw,district,total_digital_consumers,633,633,331795.8025276461,0.0,97766.0,233560.0,432204.0,3913270.0,9,0
dist_geos_raw,district,built_up_growth,633,633,6.307156427601896,-12.06167485,3.501848645,5.474762882,8.397591414,26.42498184,7,0
dist_geos_raw,district,road_density,633,633,1.9798357030015798,0.0,1.271,1.858,2.678,9.94,7,0
dist_geos_raw,district,economic_activity_score,633,633,-33.0240342272654,-121.5161869,-46.44069587,-30.39122969,-18.05397636,31.73161944,6,0
dist_geos_raw,district,average_annual_growth,633,633,27.618623417721526,-11419.76,3.1025,7.245,27.5175,8142.31,6,1
dist_geos_raw,district,last_quarter_growth,633,633,-9.573143759873618,-112.6,-19.79,-10.34,2.06,417.19,6,0
dist_geos_raw,district,q12018usr_rurl,633,633,45578.87519747236,0.0,10061.0,28921.0,56566.0,664375.0,9,0
dist_geos_raw,district,road_length_meters,633,633,8270089.354493821,-17.04821152,4127146.614,7343954.136,11181829.68,42034817.95,0,0
dist_geos_raw,district,road_length_km,633,633,8270.08935449382,-0.017048212,4127.146614,7343.954136,11181.82968,42034.81795,0,0
dist_geos_raw,district,wp_2011,633,633,1532498.5071090048,0.0,706778.0,1337579.0,2061277.0,6746908.0,5,0
dist_geos_raw,district,wp_2020,633,633,1674196.1706161138,0.0,772529.0,1430790.0,2328013.0,7414115.0,5,0
dist_geos_raw,district,built_area_2017,633,633,196320494.47077408,0.0,84346600.0,152801500.0,263115400.0,1640319000.0,7,0
dist_geos_raw,district,built_area_2021,633,633,244953320.85308057,0.0,104552100.0,200037100.0,333104500.0,2005542000.0,6,0
dist_geos_raw,district,nl_20210601,633,633,-3.652214641709628,-17.76319981,-4.989065259,-3.504643831,-1.747587591,11.3121502,1,0
dist_geos_raw,district,nl_20210701,633,633,-3.0865803298074725,-12.84589588,-4.599179179,-2.895231903,-1.168859277,8.853716465,1,0
dist_geos_raw,district,nl_20210801,633,633,-2.648857125351616,-16.09311865,-4.183006067,-2.161244122,-0.496071516,13.47529653,0,0
dist_geos_raw,district,nl_20210901,633,633,-2.9922341269689117,-16.42482142,-4.275950008,-2.658975491,-1.282225144,8.450874735,0,0
dist_geos_raw,district,nl_20211001,633,633,-4.3261010862936224,-15.07838241,-6.038543867,-4.157054484,-2.35125805,11.67525126,0,0
dist_geos_raw,district,nl_20211101,633,633,-5.449651211216134,-23.47360315,-7.694646861,-5.284929271,-2.731326408,12.86340769,0,0
dist_geos_raw,district,nl_20211201,633,633,-4.877444360870956,-16.75362616,-6.777937154,-4.568182786,-2.724949413,11.06953163,0,0
dist_geos_raw,district,nl_20220101,633,633,-4.844602217606329,-18.61630957,-6.611688987,-4.716773607,-2.716778217,11.60833158,0,0
dist_geos_raw,district,nl_20220201,633,633,-5.341263666680272,-19.80861453,-7.407349079,-5.416049431,-2.794065855,13.89542101,0,0
dist_geos_raw,district,nl_20220301,633,633,-5.300494248368482,-17.59595848,-7.50016964,-5.215243482,-2.774563484,10.84069872,0,0
dist_geos_raw,district,nl_20220401,633,633,-4.490833943973769,-16.8118316,-6.297153229,-4.369668198,-2.21358735,11.62565507,0,0
dist_geos_raw,district,nl_20220501,633,633,-4.411227422352548,-16.74804318,-5.840235644,-4.285192311,-2.338424673,10.9914807,0,0
dist_geos_raw,district,nl_20220601,633,633,-4.06019816337888,-14.70330111,-5.704975167,-3.987336718,-2.038597155,10.22984008,0,0
dist_geos_raw,district,nl_2012,633,633,-2.775187949458447,-11.59708323,-3.975569269,-2.377589241,-1.313189261,6.924852625,0,0
dist_geos_raw,district,nl_2013,633,633,-3.1993459918217546,-11.59842025,-4.508139212,-2.823656557,-1.609775951,10.51772369,0,0
dist_geos_raw,district,nl_2014,633,633,-3.6412093895492617,-13.1124312,-5.01201094,-3.304873931,-1.989609399,12.91910272,0,0
dist_geos_raw,district,nl_2015,633,633,-3.6402884429615106,-12.9700226,-5.03743405,-3.308046619,-1.969373455,11.59396661,0,0
dist_geos_raw,district,nl_2016,633,633,-3.7060537064651826,-13.92148186,-5.206725965,-3.453506233,-2.015956311,13.00620035,0,0
dist_geos_raw,district,nl_2017,633,633,-3.7966974664192987,-14.51858657,-5.441020042,-3.542458568,-2.013850004,13.1510198,0,0
dist_geos_raw,district,nl_2018,633,633,-3.7856436649875973,-14.17124615,-5.273780653,-3.600569889,-2.141764196,12.48886425,0,0
dist_geos_raw,district,nl_2019,633,633,-4.080289561153672,-16.35661747,-5.666987803,-3.990150454,-2.262295941,10.14531864,0,0
dist_geos_raw,district,nl_2021,633,633,-4.090323182933714,-15.23371998,-5.641131826,-4.008128945,-2.195769349,10.98528245,0,0
dist_socio_economic,district,area,633,633,5238.998859480743,9.40533877,2393.514612,3954.586754,6454.32034,80402.06028,0,0
dist_socio_economic,district,number_of_reporting_offices,633,633,238.76837060616614,3.0,85.5,166.0,294.75,3544.0,0,7
dist_socio_economic,district,credit,633,633,17632.814696383706,39.0,1971.75,4533.0,11227.1362625,1387541.0,0,7
dist_socio_economic,district,current_deposits,633,633,2534.27795527107,12.0,251.0,479.5,1106.0,280513.0,0,7
dist_socio_economic,district,savings_deposits,633,633,9236.314696493451,75.0,2314.25,4442.0,8524.5,364082.0,0,7
dist_socio_economic,district,term_deposits,633,633,13941.266773142652,15.0,1285.75,3188.5,8660.25,963075.0,0,7
dist_socio_economic,district,private_to_public_credit,633,633,0.6157808519324324,0.001630435,0.22156355775,0.342537386,0.587496326,26.57142857,0,41
dist_socio_economic,district,private_deposit_percent,633,633,18.77074100231419,2.132154581,9.25605066225,14.55801117,22.395479244999997,94.00479616,0,41
dist_socio_economic,district,regional_rural_bank_percent,633,633,10.022006207193105,0.0,3.341517787,8.813857184,14.391158082499999,68.54460094,1,53
dist_socio_economic,district,small_finance_percent,633,633,0.778266914502439,0.0,0.1816862395,0.5597221480000001,1.0619357155,6.658094284,3,223
dist_socio_economic,district,development_relative_to_national_average,633,633,0.5989395161306453,-21.72,-1.6300000000000001,0.44,3.16,17.47,1,13
dist_socio_economic,district,agriculture_score,633,633,17.447718894140323,0.571428571,11.85714286,14.71428571,20.28571429,76.57142857,0,13
dist_socio_economic,district,rural_housing_score,633,633,75.59563844085484,13.0,63.75,81.25,92.28125,100.0,0,13
dist_socio_economic,district,drinking_water_score,633,633,46.14530465949517,2.666666667,26.0,44.0,64.7500000025,99.33333333,0,13
dist_socio_economic,district,roads_score,633,633,59.90747983870967,3.125,55.34375,61.625,67.0,81.875,0,13
dist_socio_economic,district,rural_electrification_score,633,633,76.85688172032258,18.5,69.2499999975,80.0,87.33333333,100.0,0,13
dist_socio_economic,district,non_conventional_energy_score,633,633,13.737500000004838,0.0,4.0,7.0,14.0,85.0,7,13
dist_socio_economic,district,financial_and_comm_infrastructure_score,633,633,42.70472520911613,2.555555556,33.66666667,39.44444444,48.722222224999996,98.11111111,0,13
dist_socio_economic,district,poverty_alleviation_score,633,633,15.597773297525805,0.5,8.166666667,15.16666667,22.33333333,42.5,0,13
dist_socio_economic,district,small_scale_industries_score,633,633,10.816182795698387,0.0,3.0,5.0,11.0,98.0,12,13
dist_socio_economic,district,all_deposit_total,633,633,25711.89776364441,108.0,4005.75,8253.0,18066.25,1488952.0,0,7
dist_socio_economic,district,private_sector_banks_credit,633,633,6307.347972919425,1.0,424.0,1147.5,3605.0,465608.0,0,41
dist_socio_economic,district,private_sector_banks_deposit_total,633,633,8327.18243234848,27.0,489.25,1294.0,3696.0,610473.0,0,41
dist_socio_economic,district,public_sector_banks_credit,633,633,10179.841091407705,0.0,1260.0,2801.0,6995.0,817752.0,1,10
dist_socio_economic,district,regional_rural_sector_banks_deposit_total,633,633,937.8827586214484,0.0,304.5,612.5,1288.25,5927.0,1,53
dist_socio_economic,district,small_finance_sector_banks_deposit_total,633,633,268.57804878053656,0.0,19.0,70.0,178.25,10995.0,3,223
dist_socio_economic,district,state_avg_score,633,633,35.72046774193549,18.82,31.53,33.98,38.4,65.33,0,13
dist_socio_economic,district,district_avg_score,633,633,36.319407258080645,10.57,30.5825,34.505,40.0025,71.33,0,13
dist_socio_economic,district,land_improvement_and_minor_irrigation,633,633,31.314256272482258,3.222222222,25.0833333325,31.33333333,37.0,65.44444444,0,13
dist_socio_economic,district,animal_husbandry,633,633,23.300103046691934,0.333333333,13.4583333325,18.16666667,26.66666667,91.0,0,13
dist_socio_economic,district,fisheries,633,633,9.896935483859677,0.0,4.0,6.5,12.125,66.0,5,13
dist_socio_economic,district,maintenance_of_community_assets,633,633,45.909865591403225,0.0,26.0,45.0,61.25,100.0,1,13
dist_socio_economic,district,fuel_and_fodder,633,633,23.21991935482258,0.0,9.0,20.0,32.0,94.0,16,13
dist_socio_economic,district,libraries,633,633,14.015940860214517,0.0,2.0,4.0,14.0,100.0,38,13
dist_socio_economic,district,cultural_activities,633,633,31.639301075258064,0.0,17.0,26.0,41.0,99.0,1,13
dist_socio_economic,district,public_distribution_system,633,633,65.53119623654838,11.5,54.0,63.5,77.8749999975,100.0,0,13
dist_socio_economic,district,education,633,633,34.16424731192419,3.5,28.4791666675,33.0,39.0,83.66666667,0,13
dist_socio_economic,district,vocational_education,633,633,16.96267473118871,0.0,11.0,15.875,21.0,56.5,2,13
dist_socio_economic,district,markets_and_fairs,633,633,37.194955197333876,1.0,25.249999997499998,34.33333333,45.33333333,100.0,0,13
dist_socio_economic,district,health_and_sanitation,633,633,36.31637096761452,8.090909091,28.54545455,35.0,42.09090909,77.0,0,13
dist_socio_economic,district,women_and_child_development,633,633,48.671286482419355,12.14285714,43.57142857,49.0,53.178571427499996,84.71428571,0,13
dist_socio_economic,district,family_welfare,633,633,36.29223118278548,0.0,23.0,31.0,45.0,99.0,2,13
dist_socio_economic,district,khadi_village_and_cottage_industries,633,633,5.29676523298871,0.0,1.0,2.0,5.666666667,70.66666667,8,13
dist_socio_economic,district,social_forestry,633,633,18.056129032258063,0.0,6.0,12.25,25.0,90.0,6,13
dist_socio_economic,district,adult_and_non_formal_education,633,633,8.559623655909679,0.0,3.0,5.0,10.0,94.0,17,13
village_geos_raw,village,area,48291,48291,7379009.797700312,5216.06844,2359455.445,4506135.254,8800569.618,682562207.4,0,0
village_geos_raw,village,area _sqkm,48291,48291,7.376478101509599,0.005,2.36,4.51,8.803,677.32,0,0
village_geos_raw,village,population,48291,48291,2274.3646228075627,0.0,366.0,1079.0,2409.0,1116185.0,3973,0
village_geos_raw,village,population_density,48291,48291,399.8370949038123,0.0,102.98,230.0,417.73,52991.85,3973,0
village_geos_raw,village,youth_population,48291,48291,440.58234453624897,0.0,69.0,206.0,466.0,215654.0,4034,0
village_geos_raw,village,male_population,48291,48291,1165.3552835932162,0.0,185.0,549.0,1226.0,587965.0,3988,0
village_geos_raw,village,female_population,48291,48291,1109.007019941604,0.0,182.0,531.0,1183.0,528220.0,3989,0
village_geos_raw,village,elderly_population,48291,48291,199.69834958895032,0.0,35.0,100.0,215.0,89586.0,4092,0
village_geos_raw,village,kids_population,48291,48291,198.84297281066864,0.0,29.0,90.0,212.0,91651.0,4150,0
village_geos_raw,village,female_population_15_to_49years,48291,48291,612.2683108653787,0.0,100.0,292.0,645.0,304484.0,4008,0
village_geos_raw,village,population_growth,48291,48291,0.04487854879791266,-100.0,-2.0,0.0,1.91,25.05,2857,0
village_geos_raw,village,consumer_digital_expenditure,48291,48291,609441.407260152,0.0,25890.0,75934.0,215900.0,367232187.0,2227,0
village_geos_raw,village,digital_adoption_rate,48291,48291,85.7317496502207,-600.0,87.7,90.34,92.23,100.0,2231,0
village_geos_raw,village,digital_penetration,48291,48291,15637.269980120522,0.0,200.10000000000002,658.21,2225.135,166153800.0,3976,0
village_geos_raw,village,total_digital_consumers,48291,48291,29806.455095152305,0.0,3627.0,8080.0,19851.0,7529201.0,2231,0
village_geos_raw,village,built_up_growth,48291,48291,9.473408295541612,-100.0,0.0,3.68,10.95,641.01,9033,0
village_geos_raw,village,net_primary_productivity,48291,48291,10.067429127580708,-24.1,3.61,8.35,15.51,174.44,2275,0
village_geos_raw,village,total_road_length_meters,48291,48291,13343.246992683724,0.0,3653.5119715,8172.533185,16071.34003,2201161.591,3872,0
village_geos_raw,village,distance_to_highway,48291,48291,6922.254786374397,0.0,1877.024555,4785.882945,9287.764242000001,119801.699,2225,0
village_geos_raw,village,total_road_length_km,48291,48291,13.34324699268542,0.0,3.6535119715,8.172533185,16.07134003,2201.161591,3872,0
village_geos_raw,village,majhwys_length,48291,48291,1153.2736726336288,0.0,0.0,0.0,0.0,364202.4082,40513,0
village_geos_raw,village,sechwys_length,48291,48291,1678.969841264882,0.0,0.0,0.0,2021.3057875,548476.669,27178,0
village_geos_raw,village,road_density_km_sqkm,48291,48291,2.211751782685079,0.0,1.0968032865000001,1.829854224,2.678521554,54.35671766,3872,0
village_geos_raw,village,built_area_2017,48291,48291,253721.3269553333,0.0,10600.0,110600.0,274600.0,65266300.0,8943,0
village_geos_raw,village,built_area_2021,48291,48291,327274.9332173697,0.0,28700.0,153900.0,356100.0,69717600.0,7379,0
village_geos_raw,village,nightlight_2012,48291,48291,18.406863597771842,0.0,3.06,7.26,15.89,8430.84,2298,0
village_geos_raw,village,nightlight_2021,48291,48291,36.550699509225325,0.0,7.83,17.03,35.12,9412.99,2225,0
village_geos_raw,village,nightlight_grwth,48291,48291,9.548789215381749,-31.62,6.55,9.78,12.91,54.93,2340,0
village_geos_raw,village,npp_2018,48291,48291,113029.15621958543,0.0,34979.0,68891.0,128385.5,10570229.0,2259,0
village_geos_raw,village,npp_2021,48291,48291,145802.22045515728,0.0,48207.0,92317.0,170344.0,10990302.0,2256,0
village_geos_raw,village,wp_2011,48291,48291,2048.174856598538,0.0,508.0,1117.0,2222.5,906993.0,2260,0
village_geos_raw,village,wp_2020,48291,48291,2204.619142283241,0.0,480.0,1086.0,2268.0,1003238.0,2258,0
village_geos_raw,village,economic_activity_score,48291,48291,1.1864836739765172,0.0,0.4764,0.6817,1.01735,100.0,2225,0
village_geos_raw,village,total_expenditure,48291,48291,2428606.692986271,0.0,1146950.5,2426165.0,3704557.0,4999979.0,2225,0
village_geos_raw,village,average_annual_growth,48291,48291,14.757007915912654,-8.385174831,0.0,2.823035743,5.4550883755,40417.05397,12903,0
village_geos_raw,village,last_quarter_growth,48291,48291,-5.45193513656149,-100.0,-12.751678985000002,-3.567085965,4.7853692705,640.3591477,2254,0
village_geos_raw,village,nl_20210601,48291,48291,1.1519511274208856,-0.079999998,0.521913914,0.695454532,1.0216108130000001,90.09958239,2291,0
village_geos_raw,village,nl_20210701,48291,48291,0.7387078820411256,0.0,0.0425265955,0.516372879,0.7609206255000001,74.19999695,11198,0
village_geos_raw,village,nl_20210801,48291,48291,1.0538915432855398,0.0,0.5282092860000001,0.704999996,0.9652941180000001,78.34666681,4039,0
village_geos_raw,village,nl_20210901,48291,48291,0.9865739315032408,-0.00550829,0.48567365500000004,0.627000004,0.887182539,78.92714255,2542,0
village_geos_raw,village,nl_20211001,48291,48291,1.0687499387817192,0.0,0.5309999995,0.685999999,0.9647058820000001,77.90208213,2667,0
village_geos_raw,village,nl_20211101,48291,48291,1.0940004571878197,-0.159999996,0.5183911720000001,0.720000006,1.0457805865,56.85578989,3049,0
village_geos_raw,village,nl_20211201,48291,48291,1.076894778478847,0.0,0.4597484155,0.637021277,0.954340575,64.23833338,2225,0
village_geos_raw,village,nl_20220101,48291,48291,1.1182476140828934,0.0,0.4404878035,0.629999995,0.970000008,126.0263159,2225,0
village_geos_raw,village,nl_20220201,48291,48291,1.2967928213087945,0.0,0.5086549380000001,0.72963502,1.1262361109999999,142.9226326,2225,0
village_geos_raw,village,nl_20220301,48291,48291,1.4048521522912554,0.0,0.646885704,0.867499998,1.265000024,81.40000107,2225,0
village_geos_raw,village,nl_20220401,48291,48291,1.3471553847563729,0.0,0.6452326835,0.852142853,1.226436501,81.3389482,2225,0
village_geos_raw,village,nl_20220501,48291,48291,1.4478891951436086,0.0,0.700385182,0.920000017,1.3236870920000001,82.83298614,2225,0
village_geos_raw,village,nl_20220601,48291,48291,1.2798871486162637,0.0,0.6099999970000001,0.815294118,1.162871876,78.27571651,3209,0
village_geos_raw,village,nl_2012,48291,48291,0.5601689196744735,0.0,0.1814,0.2975,0.4845,166.754,2225,0
village_geos_raw,village,nl_2013,48291,48291,0.614622728872875,0.0,0.2072,0.3302,0.53535,108.4204,2225,0
village_geos_raw,village,nl_2014,48291,48291,0.6952169534695906,0.0,0.214,0.3632,0.59865,125.7409,2225,0
village_geos_raw,village,nl_2015,48291,48291,0.7703811186349422,0.0,0.2769,0.4187,0.65635,130.9138,2225,0
village_geos_raw,village,nl_2016,48291,48291,0.7122355035099709,0.0,0.2014,0.3453,0.5851,104.7857,2225,0
village_geos_raw,village,nl_2017,48291,48291,0.9034007413389659,0.0,0.3993,0.5412,0.7724,83.3695,2225,0
village_geos_raw,village,nl_2018,48291,48291,0.9225608871218238,0.0,0.4061,0.5477,0.7998,71.0031,2225,0
village_geos_raw,village,nl_2019,48291,48291,0.9577774657803731,0.0,0.3724,0.5267,0.8078,76.2585,2225,0
village_geos_raw,village,nl_2020,48291,48291,0.9816028079766416,0.0,0.4436,0.591,0.8527,71.9754,2225,0
village_geos_raw,village,nl_2021,48291,48291,1.0851523555113791,0.0,0.5048,0.6675,0.9615,64.7164,2225,0
village_socio_economic,village,total_households,46515,46515,395.832634633989,1.0,116.0,240.0,467.0,16000.0,0,0
village_socio_economic,village,households_engaged_majorly_farm_activity,46515,46515,52.76801704419703,0.0,25.23511896,57.47126437,80.0,100.0,3719,0
village_socio_economic,village,households_engaged_majorly_non_farm_activity,46515,46515,20.2906495458583,0.0,4.5880330485,14.79820628,30.0,100.0,6171,0
village_socio_economic,village,availability_of_government_seed_centres,46515,46515,0.2382672256261421,0.0,0.0,0.0,0.0,1.0,35432,0
village_socio_economic,village,availability_warehouse_food_grain_storage,46515,46515,0.20316027088036118,0.0,0.0,0.0,0.0,1.0,37065,0
village_socio_economic,village,access_to_custm_hiring_centre_agriequipments,46515,46515,0.2416854778028593,0.0,0.0,0.0,0.0,1.0,35273,0
village_socio_economic,village,net_sown_area,46515,46515,316.6275693434505,0.0,32.175,143.69,380.0,9738.24,2434,0
village_socio_economic,village,availability_of_fertilizer_shop,46515,46515,0.3217026765559497,0.0,0.0,0.0,1.0,1.0,31551,0
village_socio_economic,village,area_irrigated,46515,46515,inf,0.0,11.90108807,50.0,100.0,inf,5058,0
village_socio_economic,village,kuccha_households,46515,46515,20.73968930915625,0.0,3.917472192,12.01890614,28.33333333,100.0,3201,0
village_socio_economic,village,availability_of_piped_tap_water_less_than_50_percent,46515,46515,0.12264860797592174,0.0,0.0,0.0,0.0,1.0,40810,0
village_socio_economic,village,availability_of_piped_tap_water_50_100_percent,46515,46515,0.3510910458991723,0.0,0.0,0.0,1.0,1.0,30184,0
village_socio_economic,village,availability_of_piped_tap_water_100_percent,46515,46515,0.45245619692572286,0.0,0.0,0.0,1.0,1.0,25469,0
village_socio_economic,village,availability_of_electricity_for_domestic_use_none,46515,46515,0.02968934752230463,0.0,0.0,0.0,0.0,1.0,45134,0
village_socio_economic,village,availability_of_electricity_for_domestic_use_1_4hrs,46515,46515,0.018854133075352036,0.0,0.0,0.0,0.0,1.0,45638,0
village_socio_economic,village,availability_of_electricity_for_domestic_use_4_8hrs,46515,46515,0.06318391916586047,0.0,0.0,0.0,0.0,1.0,43576,0
village_socio_economic,village,availability_of_electricity_for_domestic_use_8_12hrs,46515,46515,0.20240782543265612,0.0,0.0,0.0,0.0,1.0,37100,0
village_socio_economic,village,availability_of_electricity_for_domestic_use_more_than_12hrs,46515,46515,0.6858647748038267,0.0,0.0,1.0,1.0,1.0,14612,0
village_socio_economic,village,solar_wind_energy_connectivity,46515,46515,8.044802751800495,0.0,0.0,0.0,0.0,20000.0,36436,0
village_socio_economic,village,availability_business_correspondent,46515,46515,0.26228098462861443,0.0,0.0,0.0,1.0,1.0,34315,0
village_socio_economic,village,households_with_jan_dhan_account,46515,46515,35.78537586647877,0.0,11.741451335,29.75206612,55.77577015999999,100.0,3913,0
village_socio_economic,village,availability_internet_broadband_facility,46515,46515,0.545157476082984,0.0,0.0,1.0,1.0,1.0,21157,0
village_socio_economic,village,bpl_households,46515,46515,54.72863654737504,0.0,24.601052539999998,57.66738661,85.95988539,100.0,1934,0
village_socio_economic,village,availability_of_markets_regular_market,46515,46515,0.17237450284854347,0.0,0.0,0.0,0.0,1.0,38497,0
village_socio_economic,village,availability_of_markets_mandis,46515,46515,0.08341395248844459,0.0,0.0,0.0,0.0,1.0,42635,0
village_socio_economic,village,availability_of_markets_weekly_haat,46515,46515,0.12486294743631086,0.0,0.0,0.0,0.0,1.0,40707,0
village_socio_economic,village,households_using_clean_energy,46515,46515,51.623583991254826,0.0,21.62162162,55.20833333,81.61764706,100.0,3254,0
village_socio_economic,village,farming_population,46515,46515,21.022265227017993,0.0,9.2732499965,16.29213483,25.196899225,100.0,1715,0
village_socio_economic,village,farmers_benefitted_under_pmfby,46515,46515,33.29757929181106,0.0,0.56101311925,18.205439825,60.634791995,100.0,10718,1715
village_socio_economic,village,farmers_adding_fertilizer,46515,46515,17.72706091501714,0.0,0.0,2.105263158,19.7937500025,100.0,17635,1715
village_socio_economic,village,total_approved_labour_budget,46515,46515,534341.7986332931,0.0,2.0,8356.0,434500.0,85000000.0,9168,0
village_socio_economic,village,village_development_score,46515,46515,45.28803611738149,0.0,33.0,44.0,58.0,90.0,6,0
